UMAP_dim,cluster_id,size,weighted_centroid_phrase,rep_cosine_sim
10,87,2314,course,0.9999973512436362
10,21,1590,machine learning,0.9999989767765121
10,5,654,thank,0.9999975468134685
10,93,589,great course,0.9999982304936438
10,114,497,lot,0.9999942817729575
10,172,435,understand,0.9999221828238966
10,660,404,andrew ng,0.9999569216026051
10,55,387,thanks,0.9999472193287053
10,68,380,excellent course,0.9999765760473831
10,46,369,learn,0.9999403530033335
